rel_path,spec_centroid_mean,spec_spread_mean,spec_flatness_mean,mfcc01_mean,mfcc02_mean,mfcc03_mean,mfcc04_mean,mfcc05_mean
bassacid/bassacid1.wav,682.5438232421875,1844.9349365234375,-33.36831283569336,-149.3166961669922,43.95823287963867,27.87367057800293,23.3051815032959,24.176803588867188
bassacid/bassacid14.wav,1257.867431640625,2001.1978759765625,-29.141950607299805,4.057077884674072,83.15662384033203,-12.76705265045166,15.963462829589844,0.9902620911598206
bassacid/bassacid20.wav,1579.55419921875,2764.493896484375,-21.481225967407227,12.466245651245115,57.08155822753906,7.389726161956787,8.399340629577637,-3.32907772064209
bassacid/bassacid26.wav,2266.679443359375,2722.016357421875,-24.074289321899418,-0.0544534437358379,44.99269104003906,-8.62384033203125,-5.298639297485352,-10.972119331359863
bassacid/bassacid29.wav,1012.2753295898438,1669.0726318359375,-38.816650390625,-121.93140411376952,74.89692687988281,45.48978042602539,25.954097747802734,15.64540958404541
bassacid/bassacid34.wav,418.9264221191406,1175.6993408203125,-39.956668853759766,-136.91195678710938,71.55355834960938,36.8828125,36.040863037109375,23.45928955078125
bassacid/bassacid36.wav,1482.7431640625,2945.44091796875,-22.707000732421875,-70.25289916992188,28.557762145996097,10.52503776550293,15.839417457580566,14.7696533203125
bassacid/bassacid39.wav,1840.987060546875,2986.823974609375,-19.40143394470215,30.965030670166016,44.50270462036133,-5.038680553436279,9.968552589416504,5.502445220947266
bassacid/bassacid46.wav,1861.1614990234375,2085.955322265625,-29.299226760864254,10.05392360687256,67.18128967285156,-36.845848083496094,19.099056243896484,-3.129041910171509
bassacid/bassacid49.wav,1653.37744140625,1849.5133056640625,-32.61971664428711,-1.1889511346817017,84.86455535888672,-40.21012115478515,13.832801818847656,0.0585709176957607
bassacid/bassacid53.wav,2055.453857421875,2030.6806640625,-28.23660659790039,15.256709098815918,65.70738220214844,-40.848114013671875,-5.011455059051514,-16.321029663085938
bassacid/bassacid55.wav,1291.1470947265625,1521.6441650390625,-37.23983383178711,-73.91507720947266,92.59117126464844,26.433914184570312,-1.375171422958374,0.7817280888557434
bassacid/bassacid59.wav,1444.74365234375,1622.823974609375,-36.22005081176758,-78.74298095703125,76.16259765625,-0.2397841066122055,-17.96746826171875,-8.213801383972168
bassacid/bassacid6.wav,958.7506713867188,2159.4638671875,-26.01272201538086,-12.369218826293944,64.11771392822266,8.472383499145508,24.499317169189453,12.345718383789062
bassacid/bassacid61.wav,2867.5087890625,3909.537109375,-15.69768524169922,-11.372594833374023,22.76792335510254,-13.125772476196287,9.824570655822754,-4.367231845855713
bassacid/bassacid63.wav,2090.40380859375,2785.0478515625,-20.53013610839844,43.89852142333984,49.68852615356445,-14.674760818481444,8.443743705749512,-5.412143230438232
bassacid/bassacid74.wav,4649.994140625,3737.273681640625,-14.016108512878418,49.192752838134766,-11.296282768249512,-9.188067436218262,21.46862411499023,4.782101154327393
bassacid/bassacid77.wav,788.5814208984375,1725.4405517578125,-31.82352638244629,-48.17702102661133,92.0100555419922,23.544939041137695,11.658796310424805,13.753388404846191
bassacid/bassacid8.wav,1136.52587890625,2215.7333984375,-27.193838119506836,-13.635161399841309,55.68452835083008,-2.722750663757324,14.442941665649414,0.7543164491653442
bassacid/bassacid9.wav,940.9801635742188,1613.9100341796875,-34.59396743774414,-47.113250732421875,107.93497467041016,15.494033813476562,-1.8815088272094729,1.3449403047561646
basshit/basshit1.wav,315.6754150390625,872.0316772460938,-47.86757278442383,-181.58119201660156,109.65282440185548,65.17668914794922,20.550294876098633,18.04936790466309
basshit/basshit2.wav,578.7784423828125,1190.7088623046875,-43.41820526123047,-146.7850341796875,115.45194244384766,54.73439025878906,14.416183471679688,9.523896217346191
basshit/basshit3.wav,624.622314453125,1227.217041015625,-46.357948303222656,-218.51025390625,72.1077880859375,88.75699615478516,47.21746063232422,21.356689453125
basshit/basshit4.wav,432.2020263671875,914.88720703125,-49.31114959716797,-151.92303466796875,122.12828063964844,58.1122932434082,12.476304054260254,12.185948371887209
basshit/basshit5.wav,366.4390869140625,1051.237548828125,-45.241058349609375,-198.7751007080078,95.0671844482422,67.35005950927734,26.323524475097656,20.070209503173828
basshit/basshit6.wav,521.3611450195312,1130.3807373046875,-42.697723388671875,-157.6859130859375,108.30071258544922,63.70584487915039,15.698277473449709,3.0008745193481445
basshit/basshit7.wav,515.5548706054688,1255.697509765625,-40.4232177734375,-131.82872009277344,92.60193634033205,29.146812438964844,15.525103569030762,6.601344108581543
basshit/basshit8.wav,754.7927856445312,1393.9638671875,-41.01150131225586,-135.92034912109375,77.74623107910156,49.728729248046875,65.30652618408203,35.87678146362305
basshit/basshit9.wav,404.71148681640625,1187.8082275390625,-44.61669921875,-192.3816375732422,68.63163757324219,61.636173248291016,44.9180908203125,15.145483016967772
basssb/basssb1.wav,1836.0802001953125,3287.974853515625,-21.43830680847168,-19.09396743774414,1.4027336835861206,-6.456519603729248,36.734107971191406,8.644322395324707
basssb/basssb2.wav,193.28858947753903,1019.1902465820312,-40.83460235595703,-153.62477111816406,47.28110122680664,5.794259548187256,45.78816604614258,28.394519805908203
basssb/basssb3.wav,144.69888305664062,875.5547485351562,-43.47185897827149,-178.6239471435547,70.93022918701172,22.009336471557617,22.23081970214844,19.134302139282227
basssb/basssb4.wav,2266.036376953125,3509.73095703125,-18.6120662689209,12.398798942565918,25.316940307617188,4.067465782165527,17.694751739501953,5.3902363777160645
basssb/basssb5.wav,1020.6502075195312,1792.02294921875,-32.49079513549805,-72.57115173339844,50.164825439453125,-28.384944915771484,23.02981758117676,15.056981086730955
basssb/basssb6.wav,1658.3743896484375,2503.74853515625,-27.806995391845703,0.90379136800766,48.879859924316406,-13.234853744506836,45.84048080444336,-4.478820323944092
basssb/basssb7.wav,1603.4794921875,2957.242919921875,-23.728347778320312,-31.741863250732425,26.90883445739746,-7.237391471862793,6.685507297515869,3.8732948303222656
basssb/basssb8.wav,2762.593994140625,3828.23876953125,-16.974580764770508,14.803215026855469,7.1483917236328125,-1.8998955488204956,29.88292694091797,10.2859525680542
basssb/basssb9.wav,1282.0946044921875,2533.839111328125,-25.48845100402832,-62.36333084106445,43.94398880004883,7.600169658660889,20.29414939880371,10.48065185546875
bassu/bassu1.wav,789.776611328125,1466.8853759765625,-31.04286766052246,-36.89218521118164,90.92707061767578,-1.5656661987304688,13.552454948425291,2.495120048522949
bassu/bassu10.wav,214.6273956298828,695.5918579101562,-52.45278549194336,-221.66488647460935,99.5370101928711,96.417724609375,40.4274787902832,28.86380195617676
bassu/bassu11.wav,146.5571746826172,402.1382141113281,-58.28877639770508,-237.3311462402344,93.6180648803711,96.60026550292967,51.203617095947266,35.08230209350586
bassu/bassu12.wav,403.0823364257813,965.7733154296876,-42.61115264892578,-111.83373260498048,117.34503936767578,66.02873992919922,4.413592338562012,-6.263960361480713
bassu/bassu2.wav,382.236572265625,728.3243408203125,-48.36559295654297,-161.94703674316406,140.56272888183594,71.08370971679688,-8.301502227783203,-9.639787673950195
bassu/bassu3.wav,134.66171264648438,487.6297912597656,-55.167236328125,-223.16256713867188,107.17791748046876,95.45651245117188,35.13127899169922,11.14210605621338
bassu/bassu4.wav,168.97341918945312,461.6882629394531,-57.55777359008789,-237.8131561279297,93.79283905029295,109.72935485839844,63.04753875732422,33.75265884399414
bassu/bassu5.wav,276.1924743652344,554.0684204101562,-56.507572174072266,-197.4674530029297,121.00424194335938,123.18401336669922,37.13021469116211,-2.423762083053589
bassu/bassu6.wav,1234.27587890625,2277.451416015625,-27.856273651123047,-34.542850494384766,73.27130126953125,14.802471160888672,10.200490951538086,4.384440898895264
bassu/bassu7.wav,169.17825317382812,657.8220825195312,-53.22296524047851,-240.98394775390625,77.2426528930664,100.59136962890624,55.615238189697266,31.08674430847168
bassu/bassu8.wav,297.2732849121094,864.6552734375,-49.50117874145508,-211.29005432128903,85.32777404785156,69.85234069824219,24.20862579345703,20.02596664428711
bassu/bassu9.wav,126.0918197631836,621.7622680664062,-51.12300491333008,-240.1107482910156,67.10081481933594,59.054813385009766,34.42179489135742,30.91106605529785
bassuu/bassuu1.wav,1247.47216796875,1938.84912109375,-32.038272857666016,-80.0252685546875,79.50355529785156,43.44028854370117,11.831805229187012,2.546816110610962
bassuu/bassuu2.wav,1302.1865234375,2548.322021484375,-21.12420654296875,-11.259788513183594,51.04507064819336,4.835543155670166,-2.883446455001831,-3.7155840396881104
bassuu/bassuu3.wav,599.4256591796875,1700.262939453125,-29.28615951538086,-66.6983413696289,62.70061874389648,10.179381370544434,31.973215103149418,4.362443923950195
basswt/basswt11.wav,843.91943359375,1237.862548828125,-45.8769645690918,-180.3446807861328,75.9067153930664,50.952518463134766,29.23049545288086,19.9427433013916
basswt/basswt23.wav,150.72337341308594,644.9756469726562,-53.15532302856445,-276.05169677734375,53.78762435913086,75.85804748535156,42.54217529296875,29.505474090576172
basswt/basswt24.wav,1417.326904296875,2954.12353515625,-21.658533096313477,-39.46290588378906,38.164058685302734,18.944231033325195,14.837963104248049,11.250094413757324
basswt/basswt26.wav,436.9309692382813,1144.0560302734375,-36.573394775390625,-90.61321258544922,85.94461059570312,20.397518157958984,22.30604362487793,12.505975723266602
basswt/basswt28.wav,1177.9669189453125,1499.1639404296875,-39.6627311706543,-74.03575897216797,117.94911193847656,7.05986213684082,-0.8735339641571045,2.51511812210083
basswt/basswt30.wav,520.6351928710938,1019.6888427734376,-48.409278869628906,-200.78286743164065,92.187255859375,57.07040023803711,22.24028778076172,14.182353973388672
basswt/basswt32.wav,833.1470947265625,1314.43115234375,-42.93008041381836,-156.67430114746094,99.55782318115234,38.623260498046875,22.342378616333008,9.017974853515623
basswt/basswt33.wav,523.08740234375,1005.452392578125,-44.58087921142578,-164.94613647460938,110.04029846191406,53.85931015014648,17.352153778076172,-9.06852912902832
basswt/basswt34.wav,888.3030395507812,1663.9241943359375,-40.5506706237793,-149.1894989013672,109.46966552734376,42.168575286865234,-14.982004165649414,-8.953878402709961
basswt/basswt35.wav,535.1658935546875,1223.0372314453125,-41.99795913696289,-146.11383056640625,92.52702331542967,36.17723846435547,2.7670974731445312,-0.2270508408546447
basswt/basswt37.wav,826.09033203125,1380.611572265625,-41.27730941772461,-130.06060791015625,92.41033172607422,15.955965995788574,12.583938598632812,29.39299774169922
basswt/basswt4.wav,661.6304321289062,818.7955932617188,-51.722373962402344,-312.3906555175781,90.09642791748048,81.76184844970703,32.89566421508789,19.75054359436035
basswt/basswt40.wav,1037.244384765625,1570.924560546875,-40.150394439697266,-114.67080688476562,80.289794921875,28.653301239013672,18.474231719970703,9.125677108764648
basswt/basswt41.wav,4673.78125,5223.990234375,-8.184432029724121,42.14592361450195,-4.084195613861084,2.6950860023498535,17.769145965576172,25.801719665527344
basswt/basswt42.wav,3399.074951171875,4275.984375,-11.370258331298828,30.29210090637207,8.90180778503418,-7.333795070648193,4.921329975128174,3.1022613048553467
basswt/basswt43.wav,1018.4992065429688,1283.8560791015625,-41.946556091308594,-98.4125518798828,107.82276153564452,-12.32908535003662,21.75104331970215,15.258855819702148
basswt/basswt44.wav,1544.280029296875,1775.82080078125,-35.8223876953125,-77.4814453125,85.6714859008789,1.4053423404693604,14.91875171661377,-16.350570678710938
basswt/basswt45.wav,2180.605712890625,2178.43212890625,-32.50095748901367,-65.60692596435547,68.96398162841797,-3.854777574539185,-6.03693151473999,3.2728264331817627
basswt/basswt46.wav,2924.490966796875,2585.71923828125,-28.2973575592041,-150.61895751953125,59.330806732177734,-6.118685722351074,21.01983642578125,-7.223241806030273
basswt/basswt6.wav,638.5785522460938,888.3955078125,-49.947418212890625,-267.3226318359375,110.6179656982422,72.70165252685547,20.793502807617188,13.730578422546388
bd/bd1.wav,160.6092529296875,641.4395141601562,-52.774681091308594,-184.84768676757812,76.31787872314453,53.74883270263672,35.62175750732422,22.92216110229492
bd/bd2.wav,155.6121368408203,642.2522583007812,-53.77717971801758,-197.93606567382812,74.06442260742188,57.823726654052734,35.7286491394043,28.26738739013672
bd/bd3.wav,216.08738708496097,842.0235595703125,-48.64778518676758,-171.44439697265625,52.6328125,57.0545654296875,38.682106018066406,23.44584083557129
bd/bd4.wav,386.6861572265625,1656.709716796875,-35.09998321533203,-134.24046325683594,9.125720024108888,31.61832618713379,38.715702056884766,22.7786865234375
bd/bd5.wav,251.53579711914065,1176.771728515625,-41.09645080566406,-147.1310577392578,27.567241668701172,34.874122619628906,31.245588302612305,25.480207443237305
bd/bd6.wav,417.6637268066406,1578.4033203125,-37.19385528564453,-135.4402313232422,27.114593505859375,33.863529205322266,25.432836532592773,26.171676635742188
bd/bdu1.wav,504.4386901855469,1159.7735595703125,-47.808746337890625,-187.8145446777344,47.93512725830078,46.196876525878906,32.259727478027344,25.16493797302246
bd/bdu10.wav,325.18988037109375,1075.659423828125,-41.051536560058594,-108.9716796875,60.3444938659668,13.615370750427246,29.578237533569336,27.56770896911621
bd/bdu2.wav,237.77490234375,1226.4373779296875,-42.505645751953125,-195.7292327880859,36.96092987060547,59.22583770751953,38.265987396240234,31.391756057739254
bd/bdu3.wav,252.3457489013672,777.7882690429688,-51.55839157104492,-169.68283081054688,81.7015380859375,60.70695495605469,29.625730514526367,15.424076080322266
bd/bdu4.wav,928.0032958984376,2230.502197265625,-27.252098083496097,-42.19830322265625,35.797176361083984,-0.0646670311689376,31.121906280517575,6.7360639572143555
bd/bdu5.wav,390.18109130859375,1045.0479736328125,-49.14781188964844,-196.12466430664065,58.10895919799805,48.09400939941406,32.587398529052734,34.823734283447266
bd/bdu6.wav,298.0990905761719,933.06591796875,-49.690059661865234,-182.1595458984375,50.70729446411133,58.39125442504883,45.716773986816406,30.775808334350582
bd/bdu7.wav,530.2249755859375,1218.099609375,-39.81495666503906,-120.36170196533205,65.68695831298828,32.09803009033203,20.888933181762695,19.350631713867188
bd/bdu8.wav,938.1024780273438,1953.01220703125,-34.0047492980957,-119.9026336669922,35.23372268676758,37.087257385253906,28.35820579528809,24.87710952758789
bd/bdu9.wav,248.22390747070312,817.470947265625,-46.453311920166016,-113.4868392944336,95.81941223144533,14.687592506408691,17.931486129760742,16.595169067382812
bdd/bdd1.wav,266.76141357421875,786.0905151367188,-47.55663299560547,-111.32136535644533,79.09368896484375,21.582435607910156,38.12684631347656,29.76212501525879
bdd/bdd2.wav,403.5663757324219,1527.1136474609375,-35.72422409057617,-88.21366119384766,39.86674880981445,45.765384674072266,30.741601943969727,25.007522583007812
bdd/bdd3.wav,194.40321350097656,679.140380859375,-51.32656478881836,-157.84678649902344,72.35316467285156,49.1606559753418,36.06865692138672,24.41377830505371
bdd/bdd4.wav,225.8767242431641,703.5413818359375,-51.85318756103515,-165.58897399902344,70.89696502685547,54.50196075439453,38.21236038208008,32.292518615722656
bdd/bdd5.wav,243.42239379882812,941.983642578125,-42.16537094116211,-92.99879455566406,66.13143920898438,43.51816940307617,32.89222717285156,23.528600692749023
bdr/bdr1.wav,174.23703002929688,683.2183227539062,-52.299339294433594,-204.34312438964844,56.90325927734375,58.791236877441406,48.41640090942383,35.281734466552734
bdr/bdr2.wav,119.8840789794922,657.0977172851562,-52.15351867675781,-226.5054626464844,52.29881286621094,65.68285369873047,48.98011779785156,36.60392761230469
bdr/bdr3.wav,167.78103637695312,645.1805419921875,-53.665321350097656,-211.75924682617188,64.54195404052734,72.66441345214844,49.92551803588867,36.605228424072266
bdr/bdr4.wav,170.0067901611328,696.2483520507812,-51.043582916259766,-194.8488616943359,64.57791900634766,62.77169418334961,48.97740173339844,35.64327621459961
bdr/bdr5.wav,189.16763305664065,819.2738037109375,-47.499473571777344,-185.84674072265625,61.67649459838867,59.985877990722656,40.48091125488281,30.46187400817871
bdr/bdr6.wav,154.14828491210938,695.909912109375,-52.77192687988281,-236.1991271972656,61.2475471496582,77.03410339355469,44.0924186706543,32.62880325317383
bdsyn/bdsyn1.wav,574.6550903320312,1527.265625,-35.19892501831055,-150.161376953125,54.41811752319336,49.0684928894043,46.3475227355957,26.3681583404541
bdsyn/bdsyn10.wav,1134.3660888671875,2457.780029296875,-25.267070770263672,-139.5520782470703,49.48479080200195,24.209535598754883,20.314308166503903,21.937198638916016
bdsyn/bdsyn11.wav,672.853759765625,1354.78271484375,-40.75857925415039,-150.2841339111328,87.59934997558594,43.56199645996094,24.66800880432129,18.82701301574707
bdsyn/bdsyn12.wav,578.143310546875,1193.3560791015625,-43.93767166137695,-152.93402099609375,113.8197250366211,31.32008934020996,-0.0640240088105201,18.21112823486328
bdsyn/bdsyn2.wav,1060.879638671875,2335.16845703125,-24.931377410888672,-32.78982925415039,43.4923095703125,-3.991816759109497,50.14131546020508,24.618114471435547
bdsyn/bdsyn3.wav,661.3980712890625,1369.5252685546875,-38.16227722167969,-121.68865966796876,99.6225357055664,31.143028259277344,19.7017879486084,13.730907440185549
bdsyn/bdsyn4.wav,549.9126586914062,1258.45947265625,-42.40778732299805,-167.18527221679688,93.41327667236328,80.74895477294922,35.578556060791016,13.275559425354004
bdsyn/bdsyn5.wav,2096.040771484375,3806.6845703125,-25.295923233032227,-221.6167755126953,27.43724822998047,37.07616424560547,34.14448165893555,18.78743553161621
bdsyn/bdsyn6.wav,1257.4989013671875,1635.71337890625,-37.75373840332031,-311.4779968261719,58.62302780151367,50.919654846191406,38.77165222167969,25.28974723815918
bdsyn/bdsyn7.wav,165.03378295898438,778.6575317382812,-48.060691833496094,-231.19532775878903,54.22815704345703,64.7686538696289,47.549537658691406,32.003196716308594
bdsyn/bdsyn8.wav,778.3192749023438,1249.789306640625,-40.14096450805664,-209.7351837158203,75.5588607788086,51.2343635559082,40.01692962646485,21.87243270874023
bdsyn/bdsyn9.wav,5753.50830078125,6745.65771484375,-7.514781475067139,-142.4525604248047,-8.585626602172852,25.259517669677734,14.12217140197754,27.143856048583984
beeph/beeph1.wav,2837.80078125,2208.966796875,-36.32744598388672,-62.74851989746094,40.66313552856445,-71.65818786621094,-41.36349868774414,-21.399354934692383
beeph/beeph10.wav,2235.561279296875,2665.178466796875,-41.99806213378906,-195.72491455078125,3.288362979888916,-1.4838073253631592,-22.83141326904297,-51.68684768676758
beeph/beeph11.wav,2972.071044921875,2810.223388671875,-30.952735900878903,-14.946362495422363,-11.88163948059082,-69.68782806396484,-37.00886917114258,-9.923212051391602
beeph/beeph12.wav,5226.34228515625,4456.1279296875,-12.325124740600586,46.86712265014648,-23.57866096496582,-24.238880157470703,-12.298330307006836,-16.38170623779297
beeph/beeph13.wav,3223.1982421875,3391.666015625,-20.12635803222656,1.407798409461975,-14.063549041748049,-37.486717224121094,-2.511702299118042,-7.815958976745605
beeph/beeph14.wav,4991.1064453125,4188.20849609375,-20.36094093322754,-28.01416015625,-67.65054321289062,-32.251556396484375,-8.51913833618164,-24.855283737182617
beeph/beeph15.wav,3433.821044921875,3186.619873046875,-46.2674560546875,-154.972900390625,31.1164608001709,-13.086190223693848,29.459041595458984,-61.78055953979492
beeph/beeph2.wav,4444.80224609375,2789.062255859375,-29.96169662475586,-120.01207733154295,41.22563171386719,-74.99886322021484,10.316954612731934,-22.42982482910156
beeph/beeph3.wav,5885.0537109375,4923.6015625,-27.27347183227539,-175.8642120361328,-47.99352264404297,-30.866361618041992,-48.333457946777344,-52.07752990722656
beeph/beeph4.wav,1227.3924560546875,875.4505615234375,-47.234371185302734,-202.11268615722656,84.4427490234375,-3.2420389652252197,-66.56841278076172,-43.17873764038086
beeph/beeph5.wav,1872.903076171875,1325.8314208984375,-44.85292053222656,-158.61373901367188,66.18370819091797,-71.46324157714844,-54.8346061706543,3.1406795978546143
beeph/beeph6.wav,2281.76416015625,3225.67138671875,-38.735389709472656,-57.315086364746094,66.34012603759766,-38.63783645629883,-56.30097198486328,24.190425872802734
beeph/beeph7.wav,3044.790771484375,2689.73486328125,-35.24313735961914,-64.52359008789062,-6.768237113952637,-86.38654327392578,8.769713401794434,-36.30836486816406
beeph/beeph8.wav,5500.12158203125,5009.4501953125,-15.456490516662598,-87.098388671875,-35.39181137084961,-38.57731628417969,-35.609169006347656,-26.72124671936035
beeph/beeph9.wav,2507.10009765625,3102.13427734375,-40.246307373046875,-126.40584564208984,12.105941772460938,-45.673709869384766,-49.51490783691406,-32.009071350097656
beepl/beepl1.wav,2541.028076171875,2445.583740234375,-31.91631126403809,-156.72308349609375,100.83792114257812,-17.67435646057129,-5.555860996246338,3.678750276565552
beepl/beepl2.wav,1188.9814453125,1362.676025390625,-43.80833053588867,-311.4399108886719,100.7671890258789,66.98007202148438,14.405599594116213,-6.283651351928711
beepl/beepl3.wav,810.47802734375,1317.7923583984375,-47.99851608276367,-136.07615661621094,134.1541290283203,35.883209228515625,24.046201705932617,28.481916427612305
beepl/beepl4.wav,874.091552734375,1986.442138671875,-40.468387603759766,-123.45545959472656,43.5039176940918,20.98176383972168,34.4325065612793,15.368556022644045
beepl/beepl5.wav,1102.8521728515625,1804.533935546875,-30.037431716918945,-37.67860794067383,76.5656509399414,-3.713980913162231,39.63960266113281,13.273845672607422
beepl/beepl6.wav,949.3902587890624,1033.9234619140625,-50.74264144897461,-178.95928955078125,127.3328094482422,33.62606430053711,-33.70189666748047,4.672902584075928
beepl/beepl7.wav,486.1891784667969,700.8834838867188,-52.85745620727539,-206.67369079589844,128.14634704589844,92.4236068725586,7.780616283416748,-26.148237228393555
beepm/beepm1.wav,2435.543212890625,2237.056396484375,-35.0820426940918,-27.078094482421875,87.38157653808594,-40.274269104003906,-23.14468002319336,-11.076641082763672
beepm/beepm10.wav,1206.25439453125,2244.53515625,-41.16451644897461,-141.37074279785156,32.51777648925781,27.174840927124023,25.557519912719727,9.616419792175291
beepm/beepm11.wav,1614.919189453125,2445.50439453125,-41.38139343261719,-165.84347534179688,20.577369689941406,18.938634872436523,14.96985912322998,-2.9521820545196533
beepm/beepm12.wav,2441.999755859375,3495.6103515625,-24.6669864654541,15.806957244873049,30.972959518432617,-5.702495098114014,-32.60366439819336,-22.890352249145508
beepm/beepm13.wav,1765.376953125,2805.013916015625,-22.27720069885254,-1.7010774612426758,51.85481262207031,19.47727394104004,20.203025817871097,-16.636507034301758
beepm/beepm14.wav,3339.956298828125,3264.69091796875,-17.775585174560547,37.491268157958984,21.217069625854492,-22.23805809020996,8.880427360534668,-11.426483154296877
beepm/beepm15.wav,2067.109375,2734.45361328125,-22.13359832763672,3.764480590820313,38.18317031860352,-24.95642471313477,0.9764795899391174,-7.081486701965332
beepm/beepm16.wav,1782.1383056640625,1657.5782470703125,-48.940731048583984,-162.67616271972656,93.64020538330078,-16.494319915771484,14.990483283996582,51.38924789428711
beepm/beepm2.wav,2367.389404296875,2172.560546875,-39.61558532714844,-219.62225341796875,97.55912017822266,-29.19049072265625,0.1582761853933334,56.7711296081543
beepm/beepm3.wav,3566.45068359375,2927.994140625,-35.36524963378906,-207.4274444580078,52.70930480957031,-61.91426467895508,42.30606460571289,-43.193477630615234
beepm/beepm4.wav,737.4219360351562,948.8958740234376,-47.5667839050293,-218.0295867919922,97.00025939941406,61.6583251953125,-1.841284990310669,-26.708839416503903
beepm/beepm5.wav,877.677001953125,798.36572265625,-48.817501068115234,-179.76185607910156,122.0315933227539,19.383525848388672,-56.5178108215332,-39.2609977722168
beepm/beepm6.wav,1384.0906982421875,2091.688720703125,-42.57211685180664,-100.91287231445312,119.36559295654295,10.690128326416016,-1.1760013103485107,-50.2461051940918
beepm/beepm7.wav,2650.978271484375,3053.98681640625,-21.855655670166016,40.26658248901367,49.62022018432617,-22.43826484680176,21.18779182434082,-6.613341331481934
beepm/beepm8.wav,3899.767822265625,4141.1728515625,-14.70791721343994,43.15322494506836,6.59814453125,-19.96382713317871,-4.6463799476623535,-23.317363739013672
beepm/beepm9.wav,1681.642822265625,2726.705078125,-41.11375427246094,-95.99230194091795,50.90583801269531,11.199216842651367,-24.84134292602539,-27.56514549255371
cb808/cb8081.wav,2116.50927734375,3387.681884765625,-23.04366874694824,-106.0918426513672,-5.5741963386535645,-32.129947662353516,-34.36872863769531,-38.827423095703125
ch/ch1.wav,9630.8291015625,4053.296875,-6.104295253753662,-50.76809310913086,-105.46180725097656,-14.302757263183594,11.848810195922852,-7.595921516418457
ch/ch3.wav,8980.7822265625,4746.552734375,-5.4272637367248535,-208.92996215820312,-54.58447265625,-2.564115285873413,9.30656909942627,-10.1083402633667
ch/ch5.wav,10842.1201171875,5480.22265625,-2.811187982559204,-22.209606170654297,-82.4307861328125,-11.813350677490234,-11.192108154296877,-1.980221390724182
ch/ch6.wav,8791.4208984375,4296.765625,-5.323507308959961,-27.963022232055664,-67.58104705810547,-9.313697814941406,8.18484115600586,-19.459531784057617
ch/ch7.wav,10107.7529296875,4869.17041015625,-3.4684925079345703,-11.398574829101562,-92.08043670654295,-9.3948974609375,9.633915901184082,-6.117919445037842
ch/chgran13.wav,6992.7021484375,4083.134765625,-9.364502906799316,-38.83372116088867,-52.67167663574219,-33.17227554321289,5.088900566101074,-26.277191162109375
ch/chgran18.wav,6880.23291015625,4657.70166015625,-7.8788251876831055,6.165740489959717,-53.66252517700195,-31.809568405151367,8.128005981445312,1.587384581565857
ch/chgran23.wav,6959.2744140625,4389.74560546875,-7.956194877624512,12.229238510131836,-56.716041564941406,-42.73414993286133,-4.081963539123535,-18.039653778076172
ch/chgran26.wav,7669.74560546875,4432.5693359375,-7.544632434844971,1.5794514417648315,-52.227237701416016,-26.545467376708984,-13.977288246154783,-31.355253219604492
ch/chgran27.wav,6355.14599609375,3770.0068359375,-11.23379135131836,12.444550514221191,-39.39799880981445,-33.215576171875,9.969901084899902,-32.015071868896484
ch/chgran6.wav,5758.54296875,3685.03466796875,-11.949625015258787,-6.913741588592529,-57.16834259033203,-66.17041015625,-5.068071365356445,-16.80247688293457
ch/chu10.wav,12808.7216796875,5965.728515625,-2.161093473434448,26.338075637817383,-100.8349838256836,-22.994096755981445,-19.76099967956543,-7.669042587280273
ch/chu11.wav,13425.4296875,5341.44873046875,-3.614159107208252,-34.65673065185547,-139.80743408203125,-30.84484481811523,-20.449613571166992,-2.86346697807312
ch/chu17.wav,11080.001953125,3814.632568359375,-8.925739288330078,-76.1946029663086,-126.7628173828125,21.59433937072754,27.030277252197266,-9.6881685256958
ch/chu18.wav,8814.9990234375,3969.23828125,-10.676543235778809,-39.35855865478515,-145.12155151367188,-61.88699722290039,-2.493659019470215,-3.997047185897827
ch/chu4.wav,2050.063720703125,2996.12109375,-21.69196128845215,-136.9223175048828,54.82859802246094,-6.5364089012146,-25.994516372680664,-14.689350128173828
ch/chu6.wav,11045.6416015625,5086.31982421875,-4.086228847503662,1.3385701179504397,-77.28820037841797,16.42599105834961,13.439386367797852,-4.429397106170654
ch/chu8.wav,4760.5390625,4219.9560546875,-11.331997871398926,2.1193411350250244,-37.86521530151367,-59.41911315917969,-34.87083435058594,-14.299627304077148
ch/chu9.wav,7731.0849609375,3501.82080078125,-10.883761405944824,21.543872833251953,-63.094486236572266,-27.322311401367188,14.002188682556152,-26.735641479492188
ch/ohu5.wav,13901.7626953125,4901.1328125,-4.253840446472168,-55.747589111328125,-135.5489959716797,-7.582549571990967,-7.1879472732543945,3.0294485092163086
ch808/ch8081.wav,10444.513671875,3677.002685546875,-8.406777381896973,-78.95941162109375,-140.59625244140625,-1.010764718055725,22.296873092651367,-14.670517921447754
chirp/chirp1.wav,815.1663818359375,1671.0621337890625,-37.63216400146485,-232.4074554443359,69.3092269897461,59.92052459716797,10.399617195129396,-5.6136627197265625
chirp/chirp10.wav,2455.484130859375,868.5172119140625,-40.681175231933594,-189.51690673828125,42.77084732055664,-17.37808609008789,-0.4362334311008453,2.793901205062866
chirp/chirp11.wav,1935.949462890625,1222.427490234375,-40.35396957397461,-208.19346618652344,50.32870864868164,48.86695861816406,19.32230758666992,3.013808488845825
chirp/chirp12.wav,4042.079833984375,2016.357177734375,-29.014863967895508,-156.48812866210938,11.270356178283691,11.118529319763184,1.3952840566635132,-9.873968124389648
chirp/chirp13.wav,1558.7960205078125,1439.5592041015625,-35.662227630615234,-178.26171875,54.366695404052734,1.1945019960403442,-5.283116817474365,-5.680880546569824
chirp/chirp14.wav,3080.949462890625,1472.2213134765625,-33.44026184082031,-171.6904754638672,20.2741756439209,-50.913909912109375,-0.0526781864464283,19.203916549682617
chirp/chirp15.wav,830.6675415039062,1875.9569091796875,-36.23879623413086,-235.8355255126953,51.53985977172851,58.21354675292969,26.239192962646484,17.826656341552734
chirp/chirp17.wav,2028.7379150390625,1372.326904296875,-35.29566955566406,-181.99070739746097,42.235347747802734,-45.538551330566406,-37.6995735168457,6.195333003997803
chirp/chirp2.wav,2268.65625,1605.860595703125,-32.73503875732422,-177.48739624023438,34.62464141845703,-29.748136520385746,-18.209644317626953,-2.527166843414306
chirp/chirp20.wav,13075.1728515625,1806.543701171875,-23.32612419128418,-189.27923583984375,-63.657901763916016,63.72684860229492,-8.689530372619629,2.033463478088379
chirp/chirp21.wav,1384.5428466796875,1278.6180419921875,-37.48187255859375,-192.2072296142578,62.770408630371094,-18.08325958251953,-51.050392150878906,-23.5930233001709
chirp/chirp5.wav,1789.8792724609375,2961.82470703125,-26.122303009033203,-203.76597595214844,56.900272369384766,30.414701461791992,-22.39240837097168,-25.3048095703125
chirp/chirp7.wav,8374.7958984375,2526.112548828125,-20.877429962158203,-142.68145751953125,-38.4267578125,1.3253235816955566,4.207967758178711,-4.364672660827637
chirp/chirp8.wav,2793.5068359375,2697.418212890625,-28.413387298583984,-266.7789001464844,46.040557861328125,4.710569381713867,-39.724395751953125,-22.658767700195312
chirp/chirp9.wav,1191.0272216796875,2533.426513671875,-29.484912872314453,-219.5227203369141,48.01942443847656,60.794288635253906,27.266666412353516,11.680340766906738
chirp/cp3.wav,5870.80712890625,4396.43994140625,-14.042473793029783,29.323223114013672,7.247975826263428,-9.6410493850708,0.1114751398563385,-3.097686290740967
chirp/cp4.wav,2847.70849609375,1654.691162109375,-34.06190872192383,-88.01046752929688,64.5414047241211,-67.2654800415039,4.442514896392822,10.396230697631836
chirp/cp5.wav,2048.84619140625,2820.8916015625,-18.133766174316406,0.862659215927124,48.59405517578125,-12.80039882659912,1.3690725564956665,-8.861000061035156
chirp/cp7.wav,5135.35400390625,4436.115234375,-8.741063117980957,37.816741943359375,-11.176949501037598,-20.21327781677246,3.5997300148010254,-5.695645332336426
chirp/cp9.wav,4234.873046875,4560.45654296875,-10.931865692138672,17.20148468017578,8.687517166137695,-8.908244132995605,-8.804553985595703,-5.9699931144714355
conga808/conga8081.wav,811.63671875,1465.3328857421875,-40.53573226928711,-208.14334106445312,52.47552108764648,60.93147659301758,22.73176383972168,-3.764293909072876
conga808/conga8082.wav,659.5794067382812,1427.47607421875,-41.78983688354492,-219.01806640625,56.48267364501953,74.43643188476562,40.862911224365234,22.515913009643555
conga808/conga8083.wav,409.5511474609375,1132.5994873046875,-45.383827209472656,-245.60243225097656,51.870975494384766,78.96041870117188,50.5453987121582,37.43633270263672
cp/cp15.wav,5151.26513671875,4409.35595703125,-7.923767566680908,34.396690368652344,-24.247783660888672,-38.80561828613281,-22.12565803527832,-24.187509536743164
cp/cp16.wav,4293.140625,4105.53564453125,-9.311575889587402,26.04863929748535,-5.252249717712402,-38.9720458984375,-18.48455810546875,-11.11577320098877
cp/cp17.wav,4414.02978515625,4530.27490234375,-11.195018768310549,42.67353820800781,3.8693885803222656,-16.460044860839844,-16.48389434814453,-7.933749675750732
cp/cp18.wav,4245.49853515625,4485.22900390625,-10.496641159057615,5.847900390625,9.095168113708496,-12.235411643981934,-10.185693740844728,-2.569812774658203
cp/cp19.wav,4992.5546875,4279.99462890625,-8.235617637634277,20.53741455078125,-30.139942169189453,-49.01536178588867,-24.95862197875977,-23.87423324584961
cp/cpsb1.wav,2314.170166015625,1719.4803466796875,-31.7153377532959,-45.20204162597656,55.42906188964844,-93.19322204589844,-42.130592346191406,-15.224690437316896
cp/cpsb10.wav,3803.698486328125,3044.829833984375,-17.617462158203125,11.033937454223633,-31.177593231201172,-85.14437103271484,-32.16590881347656,-36.66581726074219
cp/cpsb11.wav,1727.1004638671875,1284.52001953125,-36.13517761230469,-28.79271697998047,79.03766632080078,-73.72833251953125,-41.33643341064453,-27.570209503173828
cp/cpsb12.wav,2164.258544921875,2499.045654296875,-22.116775512695312,1.6107962131500244,54.229774475097656,-28.79692840576172,-18.03212547302246,-5.101223945617676
cp/cpsb2.wav,2934.720703125,2339.845947265625,-21.145734786987305,-20.12873649597168,8.80530071258545,-77.39066314697266,-28.724773406982425,-20.098003387451172
cp/cpsb3.wav,5025.59814453125,4307.85888671875,-11.389400482177734,12.028791427612305,-26.458223342895508,-44.89301300048828,-20.770776748657227,-25.51959991455078
cp/cpsb4.wav,6209.8974609375,4116.2216796875,-10.007713317871094,22.879697799682617,-43.79632186889648,-40.13911056518555,0.8936859369277954,-16.205211639404297
cp/cpsb5.wav,2481.479248046875,2007.36767578125,-30.56961250305176,-30.509815216064453,69.00751495361328,-64.66474151611328,-23.51127243041992,-13.898751258850098
cp/cpsb6.wav,3542.78076171875,3393.650390625,-16.30202293395996,64.13323974609375,15.183481216430664,-33.40073013305664,-0.1881204396486282,-20.36299705505371
cp/cpsb7.wav,2366.966552734375,2244.2119140625,-25.5423583984375,27.49070930480957,55.620174407958984,-45.64146041870117,14.186479568481444,-18.7371768951416
cp/cpsb8.wav,3220.869140625,2140.11767578125,-25.999347686767575,-11.403802871704102,41.72085952758789,-74.71052551269531,3.6093714237213135,0.9713550806045532
cp/cpsb9.wav,2143.807373046875,1789.8717041015625,-28.915281295776367,-20.832279205322266,77.7684326171875,-55.88205337524414,1.0291179418563845,11.241177558898926
flangeNoise/flangeNoise1.wav,1171.65380859375,1964.1717529296875,-26.80685234069824,-86.71060943603516,78.53211975097656,7.075761795043945,3.878687858581543,0.5550019145011902
flangeNoise/flangeNoise10.wav,2004.5921630859375,2598.673095703125,-22.158451080322266,-65.53059387207031,54.44609451293945,9.297154426574709,-0.3744978308677673,-2.0081570148468018
flangeNoise/flangeNoise11.wav,4060.05029296875,4007.79248046875,-12.937137603759766,-25.654521942138672,6.016147613525391,-14.954137802124023,-2.8486342430114746,1.3326669931411743
flangeNoise/flangeNoise12.wav,1352.6290283203125,1878.14208984375,-28.087379455566406,-65.28376007080078,87.61590576171875,-7.1092305183410645,-6.928894519805908,1.602952480316162
flangeNoise/flangeNoise13.wav,3769.32958984375,3907.848876953125,-15.41883659362793,-65.38646697998047,9.554134368896484,-10.44321346282959,-3.889885187149048,-2.1562464237213135
flangeNoise/flangeNoise14.wav,4145.34326171875,3316.98974609375,-17.8377742767334,0.4201271533966064,28.70309829711914,-18.610288619995117,14.979145050048828,-8.342643737792969
flangeNoise/flangeNoise15.wav,5383.2548828125,4407.06787109375,-9.179255485534668,8.014448165893555,-0.6435049772262573,-13.289901733398438,-4.715367794036865,-4.117679595947266
flangeNoise/flangeNoise16.wav,2258.713134765625,3344.261474609375,-16.100069046020508,-62.430274963378906,32.35688781738281,-7.788265705108643,5.910384178161621,9.969423294067385
flangeNoise/flangeNoise17.wav,2937.83544921875,3669.2177734375,-12.91923999786377,-19.977622985839844,25.192399978637695,-15.466954231262209,1.114710569381714,-6.727721214294434
flangeNoise/flangeNoise18.wav,1914.6259765625,2965.4521484375,-18.670276641845703,-59.85649490356445,52.14316940307617,1.2633296251296997,4.540080547332764,10.20606803894043
flangeNoise/flangeNoise19.wav,1967.130126953125,2742.564208984375,-19.670242309570312,-17.74795150756836,49.0478401184082,-15.414715766906738,-3.2603259086608887,-5.265509128570557
flangeNoise/flangeNoise2.wav,909.7896118164062,1688.417236328125,-34.451072692871094,-160.3776397705078,91.04232025146484,21.817556381225582,17.247875213623047,2.9683620929718018
flangeNoise/flangeNoise20.wav,5144.115234375,5568.3271484375,-8.449317932128906,-33.890254974365234,-2.421775579452514,27.108182907104492,18.305442810058594,6.518768310546875
flangeNoise/flangeNoise21.wav,2422.5419921875,3234.111083984375,-15.579974174499512,-14.711990356445312,37.283966064453125,-15.628873825073242,-6.94938325881958,-9.19904899597168
flangeNoise/flangeNoise4.wav,631.6489868164062,1283.3416748046875,-38.551971435546875,-190.7100524902344,82.20586395263672,41.9351806640625,10.874226570129396,5.431694030761719
flangeNoise/flangeNoise5.wav,1555.853271484375,2058.0146484375,-24.051536560058594,-70.28385162353516,57.14271926879883,-15.260589599609377,0.4193415641784668,4.054625511169434
flangeNoise/flangeNoise6.wav,3875.7607421875,3115.230712890625,-18.32563018798828,-94.55391693115234,16.126420974731445,-21.736650466918945,-7.228250026702881,-6.644566535949707
flangeNoise/flangeNoise7.wav,734.8057250976562,1806.251708984375,-31.822803497314453,-171.8055419921875,71.81924438476562,26.53107452392578,15.910784721374512,11.083666801452637
flangeNoise/flangeNoise8.wav,2731.183837890625,2897.42333984375,-21.167661666870117,-89.99860382080078,14.427167892456056,-3.0544593334198,1.4730300903320312,4.920529842376709
flangeNoise/flangeNoise9.wav,4610.8671875,4415.46142578125,-9.738161087036133,-18.04743194580078,0.731633722782135,-19.87375259399414,-11.255990982055664,-6.156695365905762
fmhits/fmhits118.wav,8368.294921875,6762.22265625,-5.07731819152832,86.2616958618164,-18.048086166381836,7.210249900817871,3.2110607624053955,2.966984272003174
fmhits/fmhits126.wav,3157.767333984375,3148.610107421875,-18.135833740234375,35.54451370239258,35.176551818847656,-26.82297134399414,-0.8012377023696899,0.5055633783340454
fmhits/fmhits149.wav,9657.890625,5953.1162109375,-6.0932464599609375,42.490177154541016,-51.02939224243164,0.4552786648273468,-5.776222229003906,-6.095073699951172
fmhits/fmhits151.wav,1497.1376953125,2272.704345703125,-27.719144821166992,-63.056846618652344,76.75963592529297,21.87381935119629,2.6187844276428223,-0.4210048019886017
fmhits/fmhits159.wav,3197.970703125,4066.38818359375,-19.956222534179688,-70.46786499023438,29.576873779296875,23.628881454467773,14.09622573852539,7.377161979675293
fmhits/fmhits167.wav,3705.864501953125,3897.6611328125,-17.461061477661133,-40.14387893676758,18.355541229248047,1.911375880241394,8.189607620239258,-0.1674986332654953
fmhits/fmhits171.wav,1600.0338134765625,2066.54541015625,-28.5877685546875,-47.83863067626953,84.07792663574219,8.475517272949219,-9.29911994934082,-10.609781265258787
fmhits/fmhits185.wav,2195.235595703125,2358.089111328125,-24.05149269104004,2.2670440673828125,63.4514045715332,-26.67460060119629,-13.324751853942873,3.100212335586548
fmhits/fmhits19.wav,1699.066650390625,1743.340087890625,-31.09362411499023,-56.564231872558594,85.84532165527344,-13.612156867980955,-9.80136489868164,5.124890327453613
fmhits/fmhits200.wav,2081.63525390625,2184.749267578125,-28.476064682006836,-65.57414245605469,66.30289459228516,-4.1455559730529785,-9.644710540771484,-5.702281475067139
fmhits/fmhits207.wav,5049.341796875,5263.9658203125,-14.260497093200684,-6.412013530731201,24.394262313842773,10.555160522460938,3.1610007286071777,5.620385646820068
fmhits/fmhits226.wav,1097.4384765625,2545.605712890625,-25.639976501464844,-105.24046325683594,43.67445755004883,27.157745361328125,20.248714447021484,13.715559005737305
fmhits/fmhits36.wav,3324.338134765625,2939.0205078125,-19.136621475219727,29.294750213623047,29.947484970092773,-33.91409683227539,24.188034057617188,4.243347644805908
fmhits/fmhits60.wav,2547.66162109375,3127.3330078125,-21.412134170532227,-64.55389404296875,43.90031814575195,-14.097622871398926,16.23554229736328,17.458816528320312
fmhits/fmhits65.wav,2221.007080078125,2280.227783203125,-25.06997299194336,0.9824684858322144,63.4158821105957,-32.26064682006836,7.721777439117432,4.543884754180908
fmhits/fmhits7.wav,6613.34814453125,5351.66357421875,-10.475045204162598,23.880661010742188,-22.737010955810547,-13.60610580444336,1.4130914211273191,-0.4158813059329986
fmhits/fmhits78.wav,2052.671875,2191.143310546875,-27.867189407348633,-28.621728897094727,73.17475128173828,-17.12971305847168,6.323274612426758,0.8787663578987122
fmhits/fmhits81.wav,2481.990478515625,2640.7177734375,-23.45628547668457,3.323131561279297,57.05239486694336,-17.0288143157959,8.669290542602539,-4.909313678741455
fmhits/fmhits86.wav,4564.5556640625,3987.63134765625,-14.998172760009766,33.404666900634766,9.796134948730469,-10.685136795043944,13.670169830322266,-16.4116153717041
fmhits/fmhits96.wav,7067.6083984375,6537.4775390625,-9.116443634033203,62.53273010253906,-4.827593803405762,4.773528099060059,0.5184916257858276,12.532920837402344
fmsustained/fmsustained1.wav,3333.57666015625,5406.59033203125,-10.466438293457031,46.42351913452149,26.4852352142334,13.94984245300293,1.4442654848098757,7.597448825836182
fmsustained/fmsustained10.wav,6017.11865234375,6177.857421875,-6.964412689208984,27.521297454833984,-25.79374313354492,3.6879963874816895,13.948365211486816,5.021966457366943
fmsustained/fmsustained11.wav,2532.76708984375,3608.76953125,-14.875441551208496,54.77873611450195,36.765716552734375,-11.11032009124756,0.958906590938568,0.5267506241798401
fmsustained/fmsustained12.wav,5915.27294921875,5556.0830078125,-6.394965171813965,79.79098510742188,-15.555285453796388,-15.519460678100586,1.620734930038452,-2.509535074234009
fmsustained/fmsustained13.wav,1813.7901611328125,2885.81640625,-18.93144989013672,39.909305572509766,53.481876373291016,-5.62997579574585,8.212496757507324,-4.453558921813965
fmsustained/fmsustained14.wav,4840.88427734375,4628.517578125,-8.87506103515625,86.3226089477539,-6.608470439910889,-27.117551803588867,2.1398813724517822,1.225101351737976
fmsustained/fmsustained15.wav,3137.985107421875,4114.3818359375,-12.371822357177734,76.43739318847656,27.586973190307617,-12.106873512268066,-0.3237453997135162,0.0105725051835179
fmsustained/fmsustained16.wav,3654.427978515625,4451.2216796875,-11.262646675109863,78.61024475097656,22.469701766967773,-9.60053825378418,5.449685573577881,4.501328468322754
fmsustained/fmsustained17.wav,4883.478515625,5360.02978515625,-8.10169792175293,85.90192413330078,3.976418256759643,-9.03269863128662,3.1691248416900635,3.639269351959229
fmsustained/fmsustained18.wav,2602.5673828125,4079.96826171875,-19.16443634033203,-9.903558731079102,49.91880798339844,-3.259221076965332,2.1024374961853027,-4.970716953277588
fmsustained/fmsustained2.wav,2549.841796875,3755.700439453125,-14.35089874267578,55.726287841796875,37.94136428833008,-4.908319473266602,2.7740049362182617,-1.611058473587036
fmsustained/fmsustained20.wav,3808.3896484375,5682.29931640625,-9.259448051452637,69.15563201904297,24.58467674255371,11.6618070602417,-0.863418459892273,6.430586338043213
fmsustained/fmsustained22.wav,5358.5224609375,6401.34619140625,-6.881227016448975,82.04887390136719,6.8046369552612305,2.1064488887786865,-10.972469329833984,-3.005532503128052
fmsustained/fmsustained3.wav,3050.322021484375,4028.246826171875,-13.120840072631836,68.81912231445312,26.993478775024418,-14.991898536682127,-6.103575229644775,-5.3090291023254395
fmsustained/fmsustained4.wav,4140.57763671875,4084.5595703125,-13.265181541442873,72.38127136230469,13.144326210021973,-12.428370475769045,12.598069190979004,9.50662326812744
fmsustained/fmsustained5.wav,4973.173828125,5042.76513671875,-8.741034507751465,97.36311340332033,-2.9741134643554688,-13.584036827087402,-2.1618616580963135,3.9732184410095215
fmsustained/fmsustained6.wav,1935.3292236328125,3209.5947265625,-17.801607131958008,25.745546340942383,47.41631317138672,-2.077105760574341,8.739792823791504,1.1219562292099
fmsustained/fmsustained7.wav,2297.742919921875,3810.572021484375,-17.47414779663086,45.723182678222656,50.38998794555664,-3.521191120147705,8.326550483703613,2.6423215866088867
fmsustained/fmsustained8.wav,5818.30029296875,5516.54052734375,-6.611417293548584,91.4031753540039,-16.866092681884766,-20.30494499206543,-4.208184242248535,-1.8208286762237549
fmsustained/fmsustained9.wav,4074.138671875,5005.20703125,-10.371317863464355,34.91941452026367,7.389735698699951,-10.593213081359863,-0.0104483673349022,5.232859134674072
hijack/hijack1.wav,1368.8096923828125,2146.32177734375,-28.32596969604492,-23.299951553344727,61.33091354370117,-22.235179901123047,11.172281265258787,-17.035432815551758
lead/lead1.wav,2849.76025390625,2629.399169921875,-24.12126922607422,-14.49764919281006,10.952211380004885,-72.72099304199219,-14.188961029052734,-13.046422004699709
lead/lead10.wav,5727.60205078125,4826.43359375,-9.532304763793944,59.24631881713867,-31.736509323120117,-23.96314811706543,-4.952264785766602,-24.576461791992188
lead/lead11.wav,4595.3427734375,4564.4443359375,-10.054840087890623,72.8983383178711,-3.2538437843322754,-14.827600479125977,2.475045919418335,-10.616046905517578
lead/lead12.wav,2077.384765625,2298.97021484375,-26.1802921295166,-6.5482354164123535,65.78987884521484,-37.73472595214844,-7.953296184539795,0.8621787428855896
lead/lead13.wav,4575.474609375,4348.89208984375,-16.469261169433594,-17.319347381591797,-38.31940460205078,-45.80916595458984,-20.684669494628903,-25.26886749267578
lead/lead14.wav,868.6968994140625,1284.4239501953125,-39.18571472167969,-175.84364318847656,66.02137756347656,-1.076443791389465,-20.61937141418457,-25.01421356201172
lead/lead15.wav,607.0037841796875,1084.343017578125,-42.33253479003906,-160.85775756835938,103.07593536376952,30.446130752563477,4.474851608276367,-0.4220865666866302
lead/lead16.wav,1741.8121337890625,2531.65087890625,-21.67320251464844,-48.0734748840332,51.92500686645508,-14.130603790283203,-5.35982084274292,-13.459672927856444
lead/lead17.wav,1156.205810546875,1962.788330078125,-26.092212677001953,-48.43363571166992,80.4808578491211,2.310051918029785,2.360229969024658,-4.392422199249268
lead/lead18.wav,1858.5264892578125,2161.542724609375,-27.85700225830078,-36.17947006225586,32.27076721191406,-45.359107971191406,-14.178208351135254,-6.901298999786377
lead/lead19.wav,1253.868408203125,1726.260009765625,-29.862972259521484,-46.3621940612793,77.92152404785156,-18.173864364624023,-10.479119300842283,-9.696685791015623
lead/lead2.wav,965.10693359375,1279.3243408203125,-37.002349853515625,-47.83806228637695,109.98722076416016,-10.388885498046877,4.482676029205322,-0.8587666153907776
lead/lead20.wav,1429.68115234375,1471.6925048828125,-35.71075439453125,-46.20550155639648,77.6748275756836,-42.648040771484375,-20.51068115234375,-23.608579635620117
lead/lead3.wav,1112.165283203125,1515.2166748046875,-33.13300704956055,-118.99942779541016,76.9909896850586,-19.000938415527344,-21.45322608947754,-9.786513328552246
lead/lead4.wav,3146.20361328125,5684.34033203125,-13.052846908569336,-19.12876319885254,23.63556671142578,35.13867950439453,-3.804137706756592,-9.747937202453612
lead/lead5.wav,773.1163940429688,1296.0531005859375,-35.572139739990234,-105.84690856933594,107.15876770019533,8.270417213439941,-16.671396255493164,-7.019610404968262
lead/lead6.wav,1622.6705322265625,1771.4034423828125,-32.17905807495117,-41.185890197753906,53.03923416137695,-45.59641647338867,-0.6218373775482178,-18.0384521484375
lead/lead7.wav,1069.7740478515625,1379.3291015625,-37.29448318481445,-37.781463623046875,102.01128387451172,-28.47421646118164,10.895336151123049,-5.101969242095947
lead/lead8.wav,962.6812744140624,1708.830322265625,-31.121976852416992,-107.43641662597656,90.26492309570312,14.951308250427246,2.4990429878234863,4.764429569244385
lead/lead9.wav,665.4760131835938,1413.6224365234375,-35.7325325012207,-128.87257385253906,101.0044403076172,35.83441162109375,9.301664352416992,7.50336217880249
loperc/loperc1.wav,1780.804931640625,2194.6337890625,-28.09996032714844,-42.79705810546875,67.85302734375,-44.93769836425781,27.433427810668945,9.685429573059082
loperc/loperc2.wav,3311.7353515625,4102.4443359375,-11.18336296081543,12.050188064575195,11.726649284362791,-24.154634475708008,-13.30661678314209,-13.398390769958496
loperc/loperc3.wav,929.5597534179688,1725.158203125,-29.185606002807617,-90.70620727539062,81.92079162597656,16.54720115661621,6.942221164703369,-18.836519241333008
loperc/loperc4.wav,771.4470825195312,2502.607421875,-27.259592056274418,-124.05699920654295,40.44389724731445,36.63719940185547,27.64537811279297,25.01466941833496
loperc/loperc5.wav,584.7376708984375,2227.974365234375,-30.603418350219727,-135.13587951660156,44.951934814453125,51.01901626586914,29.07451820373535,22.93037223815918
loperc/loperc6.wav,734.681640625,2554.471435546875,-28.503726959228516,-134.11148071289062,41.426246643066406,50.72452545166016,31.365541458129883,25.71514892578125
loperc/loperc7.wav,395.5303649902344,1260.3848876953125,-35.690589904785156,-144.98858642578125,87.86155700683594,26.94237518310547,20.22496223449707,6.7833027839660645
loperc/loperc8.wav,1659.2952880859375,2420.837890625,-25.075942993164062,-85.73738861083984,64.79581451416016,-3.3184335231781006,-4.936083793640137,-3.9412996768951416
loperc/loperc9.wav,2381.961669921875,3085.686767578125,-15.659568786621094,-1.1049866676330566,24.996755599975582,-32.45927810668945,-33.375404357910156,-30.65084648132324
nile/nile1.wav,1099.8375244140625,1492.60498046875,-35.36045837402344,-59.137184143066406,110.27362823486328,-30.62266731262207,13.194143295288086,23.780681610107425
nile/nile10.wav,710.8341064453125,1344.4718017578125,-37.25494384765625,-128.07675170898438,106.74620819091795,-1.6209052801132202,2.9523980617523193,33.43072509765625
nile/nile11.wav,1303.6558837890625,1555.1712646484375,-35.13953399658203,-61.443626403808594,102.0620346069336,-38.08491897583008,3.3428053855895996,14.455599784851074
nile/nile12.wav,761.2869873046875,1161.75146484375,-39.07070541381836,-96.78311157226562,114.1815948486328,-16.56569480895996,7.744382381439209,28.70932960510254
nile/nile2.wav,1151.5048828125,1457.8585205078125,-36.79656219482422,-52.79776763916016,107.59911346435548,-38.41713333129883,17.24262809753418,26.09711265563965
nile/nile3.wav,1210.6328125,1556.60205078125,-33.912601470947266,-55.765655517578125,103.73082733154295,-31.295944213867188,6.714814186096191,16.033788681030273
nile/nile4.wav,1310.729248046875,1612.054443359375,-34.293819427490234,-40.37007141113281,102.04199981689452,-37.96097946166992,14.04788589477539,15.678980827331545
nile/nile5.wav,1106.5751953125,1469.996826171875,-35.94878387451172,-59.78795623779297,109.36217498779295,-31.35948944091797,11.279874801635742,21.786863327026367
nile/nile6.wav,1946.5084228515625,1784.4962158203125,-34.227169036865234,-25.18180274963379,76.33052825927734,-57.64822006225586,15.66020965576172,8.732781410217285
nile/nile7.wav,1504.806640625,1663.4893798828125,-33.46699523925781,-42.20224380493164,92.9011459350586,-47.791114807128906,5.5391926765441895,7.87006425857544
nile/nile8.wav,825.4526977539062,1311.069091796875,-37.54534149169922,-71.12740325927734,114.79499053955078,-18.40777015686035,20.25359535217285,24.53150177001953
nile/nile9.wav,1207.9207763671875,1561.2557373046875,-36.09832763671875,-68.51089477539062,110.0634307861328,-33.3121223449707,6.2871270179748535,26.501298904418945
oh/oh0.wav,8386.9990234375,5139.2734375,-4.065037727355957,37.35065078735352,-70.67498016357422,-31.459819793701172,-1.302422046661377,-18.20114517211914
oh/oh1.wav,5852.7490234375,3112.7099609375,-16.32744598388672,25.51459503173828,-43.71276092529297,-58.606475830078125,26.695295333862305,-18.269100189208984
oh/oh2.wav,6069.92236328125,3571.544189453125,-12.263290405273438,-13.709552764892578,-74.13956451416016,-56.872528076171875,16.508447647094727,5.293389320373535
oh/oh3.wav,5633.21728515625,3017.21826171875,-13.896069526672363,-23.563322067260746,-57.039066314697266,-63.576805114746094,18.20722007751465,-19.666776657104492
oh/oh4.wav,5476.1103515625,3342.233642578125,-13.80901050567627,-17.538692474365234,-58.81839370727539,-68.37689208984375,-2.160045623779297,-18.14353370666504
oh/oh5.wav,6511.91845703125,3562.257080078125,-11.5856294631958,18.151885986328125,-53.58012390136719,-45.510948181152344,13.085675239562988,-15.67149829864502
oh/oh6.wav,5528.8857421875,2907.718017578125,-15.829307556152344,9.224638938903809,-32.30669021606445,-57.393218994140625,19.864839553833008,-19.90926170349121
oh/oh7.wav,6752.76904296875,4334.62060546875,-7.90576696395874,49.22263717651367,-36.46619415283203,-22.494230270385746,11.203176498413086,-8.728140830993652
oh/oh8.wav,7586.15771484375,4030.34521484375,-7.479962825775147,22.585634231567383,-60.87139129638672,-25.983015060424805,6.804742813110352,-22.040016174316406
oh/ohu1.wav,5753.6279296875,5698.03271484375,-9.627123832702637,25.517581939697266,-37.23251724243164,-47.418827056884766,-39.10635757446289,-16.865737915039062
oh/ohu2.wav,5464.154296875,5681.70849609375,-10.095555305480955,-4.694963455200195,-31.674365997314453,-45.79844665527344,-43.15188980102539,-17.14960289001465
oh808/oh8081.wav,9851.966796875,4056.29541015625,-6.252549648284912,-35.066532135009766,-128.2294158935547,-10.055018424987791,24.485950469970703,-11.45290184020996
outfile_2026-03-19_22-26-52.wav,4690.28955078125,5561.9072265625,-7.473516941070557,132.79507446289062,3.5362532138824463,-6.22558069229126,0.4764339029788971,16.85410499572754
outfile_2026-03-19_22-31-28.wav,7240.84130859375,6105.19287109375,-6.037861347198486,130.6174774169922,-23.358489990234375,7.976308345794678,21.422271728515625,14.122594833374023
outfile_2026-03-19_22-35-50.wav,338.0212707519531,1635.8419189453125,-41.78408432006836,-167.62384033203125,19.011741638183594,54.973026275634766,25.771560668945312,14.360800743103027
outfile_2026-03-19_22-35-56.wav,404.0368347167969,1564.470703125,-43.39007568359375,-175.7496337890625,-2.9986116886138916,28.82978630065918,26.38142967224121,30.911151885986328
outfile_2026-03-19_22-36-09.wav,435.2722778320313,1646.1461181640625,-42.20344161987305,-186.4667053222656,10.265737533569336,50.32479095458984,35.533660888671875,20.27007293701172
outfile_2026-03-19_22-36-14.wav,338.0212707519531,1635.8419189453125,-41.78408432006836,-167.62384033203125,19.011741638183594,54.973026275634766,25.771560668945312,14.360800743103027
padh/padh11.wav,1617.8560791015625,1480.471923828125,-32.263275146484375,-19.786670684814453,69.48114013671875,-54.162471771240234,-27.06879615783691,-21.591875076293945
padh/padh14.wav,1835.1007080078125,2743.822021484375,-20.053674697875977,22.920143127441406,56.208614349365234,-6.124431133270264,5.619376182556152,-10.940797805786133
padh/padh15.wav,1503.7293701171875,2270.4130859375,-26.36172866821289,-44.79549026489258,61.745113372802734,16.856075286865234,15.68597412109375,3.7174038887023926
padh/padh16.wav,774.2868041992188,858.5458984375,-40.774749755859375,-80.28083038330078,131.31698608398438,-4.857204437255859,-2.643178939819336,-5.95941162109375
padh/padh17.wav,1296.0634765625,1784.8116455078125,-32.489349365234375,-32.534942626953125,88.99725341796875,-16.20361328125,18.923126220703125,5.231910705566406
padh/padh18.wav,626.7493286132812,1327.88427734375,-44.27338790893555,-141.06134033203125,114.7895736694336,63.66371154785156,0.3351572751998901,-37.615234375
padh/padh19.wav,861.164306640625,630.8394165039062,-46.26530838012695,-159.15478515625,95.71086120605467,-3.848257541656494,-43.1026611328125,-54.4164924621582
padh/padh2.wav,2115.265869140625,3035.912841796875,-31.279956817626953,-4.5412516593933105,47.59824752807617,-14.090548515319824,7.4053955078125,-26.63544654846191
padh/padh20.wav,1965.323974609375,4389.8720703125,-18.97602081298828,-44.76675033569336,29.44703483581543,73.75279235839844,20.51674461364746,-11.57969856262207
padh/padh22.wav,2050.75390625,3549.773681640625,-18.695154190063477,-14.129199028015137,56.5700798034668,26.209800720214844,6.6476311683654785,4.328052520751953
padh/padh23.wav,1615.1129150390625,1705.844482421875,-36.8167610168457,-24.257354736328125,86.6446304321289,-61.10442733764648,16.91519546508789,-26.818744659423828
padh/padh24.wav,966.660400390625,1278.0064697265625,-34.73785400390625,-89.25537109375,100.48819732666016,15.000717163085938,-21.4533634185791,-23.889747619628903
padh/padh25.wav,815.6441040039062,1385.774658203125,-35.38163375854492,-62.75614547729492,101.4472885131836,-7.401124954223633,13.523829460144045,7.077306747436523
padh/padh26.wav,1277.6143798828125,3302.414794921875,-21.39897918701172,-83.23213195800781,28.57221221923828,46.94077682495117,29.11076545715332,12.858480453491213
padh/padh28.wav,734.136474609375,900.40185546875,-43.51767349243164,-83.11200714111328,145.9267120361328,-22.7930908203125,0.0260442700237035,14.66238784790039
padh/padh3.wav,848.9739990234375,897.9343872070312,-40.098854064941406,-118.3436050415039,127.39849853515624,-12.068530082702637,-24.80379295349121,-6.877547264099121
padh/padh4.wav,1261.4942626953125,2097.953125,-28.58034324645996,-35.025333404541016,65.49960327148438,-5.316534519195557,47.258304595947266,0.5414796471595764
padh/padh5.wav,2289.35693359375,3626.6220703125,-15.11308479309082,-13.400107383728027,29.83388328552246,5.820059299468994,26.1082820892334,7.072091579437256
padh/padh7.wav,2330.8310546875,3765.590576171875,-20.660280227661133,-33.26118850708008,11.370363235473633,24.970169067382812,27.40676498413086,-18.58289337158203
padh/padh8.wav,2706.162109375,2842.969970703125,-18.28215789794922,56.60345458984375,38.777496337890625,-27.969850540161133,19.673585891723633,-5.4381866455078125
padl/padl1.wav,1507.515625,1680.8511962890625,-32.914737701416016,-11.64104175567627,95.62110137939452,-35.474185943603516,18.15296745300293,3.1945607662200928
padl/padl11.wav,813.2398681640625,1382.510498046875,-33.6544303894043,-46.44216537475586,94.4532470703125,3.692432641983032,33.78374481201172,-17.43912124633789
padl/padl12.wav,1136.84326171875,1904.7501220703125,-25.927600860595703,-16.208120346069336,82.37745666503906,-12.015732765197754,12.938597679138184,9.907434463500977
padl/padl13.wav,1226.537841796875,2272.76513671875,-24.60539436340332,-1.9129379987716677,64.1762924194336,13.129694938659668,17.119461059570312,-16.136341094970703
padl/padl15.wav,950.6969604492188,2013.2659912109375,-29.248573303222656,-96.42919158935548,58.51381301879883,22.890806198120117,21.4616756439209,12.09151840209961
padl/padl16.wav,539.2909545898438,796.6046752929688,-42.90430450439453,-102.54259490966795,134.37193298339844,8.549248695373535,3.4489028453826904,3.095961093902588
padl/padl18.wav,705.2233276367188,1287.000244140625,-43.9055290222168,-127.39608764648438,106.42268371582033,11.03316593170166,44.86821365356445,25.55554962158203
padl/padl20.wav,1743.0435791015625,4372.43701171875,-19.372617721557617,-62.1047248840332,23.302425384521484,70.41507720947266,28.378259658813477,13.096942901611328
padl/padl21.wav,351.2890625,627.479248046875,-46.82430267333984,-130.629638671875,141.17283630371094,30.048311233520508,4.570731163024902,9.59638786315918
padl/padl22.wav,743.822021484375,1177.39501953125,-35.68611145019531,-50.481727600097656,110.51056671142578,-7.845250606536865,12.322978973388672,-0.4402369260787964
padl/padl23.wav,1247.9461669921875,1611.9610595703125,-36.184417724609375,-25.55399703979492,106.95867919921876,-42.75522994995117,33.43617630004883,-8.784775733947754
padl/padl24.wav,356.7837219238281,645.1098022460938,-47.225833892822266,-164.7585906982422,137.5140380859375,45.510101318359375,1.1976051330566406,14.719767570495604
padl/padl25.wav,587.1929321289062,1216.3660888671875,-36.85846328735352,-81.66764068603516,102.8768310546875,6.001094818115234,27.08194923400879,11.205469131469728
padl/padl26.wav,1260.6883544921875,3857.809814453125,-19.948589324951172,-121.2749252319336,-1.1844000816345217,42.658206939697266,35.00844955444336,33.55299377441406
padl/padl28.wav,271.6314392089844,602.709228515625,-48.58930969238281,-163.22683715820312,141.88150024414062,38.45003509521485,-7.3605217933654785,21.70115089416504
padl/padl4.wav,616.06640625,1098.208740234375,-39.799903869628906,-84.02100372314453,116.90979766845705,-25.026203155517575,24.10358428955078,15.89186668395996
padl/padl5.wav,407.8722229003906,1384.9930419921875,-35.191673278808594,-140.70175170898438,62.70979690551758,7.659191608428955,26.464628219604492,26.232421875
padl/padl6.wav,210.98068237304688,706.7272338867188,-44.12395477294922,-165.6565399169922,95.6070785522461,12.663485527038574,29.493492126464844,37.494834899902344
padl/padl8.wav,1325.3629150390625,2518.94677734375,-20.982866287231445,8.493717193603516,59.390655517578125,3.007791757583618,1.783211588859558,2.2144317626953125
padl/padl9.wav,1901.0963134765625,2484.73779296875,-20.158599853515625,21.918682098388672,61.03876495361328,-14.82854175567627,-9.785208702087402,12.875604629516602
padm/padm1.wav,2042.8316650390625,2017.0767822265625,-27.641450881958008,16.1072940826416,67.1048355102539,-46.33977127075195,10.53176212310791,-5.842809200286865
padm/padm10.wav,963.911865234375,1405.8148193359375,-33.3022575378418,-29.56750106811523,100.06452941894533,-17.57734489440918,19.7924747467041,-7.08986234664917
padm/padm11.wav,1076.4361572265625,1426.304443359375,-32.046142578125,-29.448471069335938,90.00701904296875,-3.501272439956665,-0.8060950040817261,-30.4727725982666
padm/padm15.wav,1013.4464721679688,1998.1646728515625,-29.517101287841797,-87.3003921508789,61.97315979003906,22.2598819732666,21.025407791137695,9.632168769836426
padm/padm17.wav,1714.4942626953125,2344.501708984375,-25.289716720581055,7.734731674194336,63.24616241455078,-16.639970779418945,19.063610076904297,-3.3930814266204834
padm/padm18.wav,708.0538940429688,1356.2965087890625,-44.6763916015625,-150.68609619140625,97.15275573730467,41.59086608886719,65.5049057006836,5.294505596160889
padm/padm2.wav,1176.7568359375,1772.6585693359375,-37.18782043457031,-53.9190788269043,98.44652557373048,-36.04464340209961,44.22425079345703,14.739030838012695
padm/padm20.wav,1670.4305419921875,4272.634765625,-20.13425636291504,-64.39405059814453,23.930994033813477,75.36759948730469,33.52165603637695,13.360984802246094
padm/padm21.wav,390.7851867675781,648.855712890625,-46.12405014038086,-124.1338119506836,142.03732299804688,24.338829040527344,3.3659279346466064,8.501639366149902
padm/padm23.wav,1370.800048828125,1647.5152587890625,-36.43018341064453,-17.9018611907959,105.49870300292967,-44.38357162475586,31.581787109375,-18.022912979125977
padm/padm24.wav,566.4418334960938,1000.7936401367188,-38.724586486816406,-115.8422622680664,103.5561752319336,40.007320404052734,21.232221603393555,-12.760168075561523
padm/padm25.wav,661.0613403320312,1241.717041015625,-36.8615608215332,-73.16258239746094,104.81892395019533,4.876744747161865,21.915502548217773,5.078531742095947
padm/padm26.wav,1161.9244384765625,3538.1533203125,-21.324792861938477,-103.83086395263672,16.80289077758789,56.143680572509766,43.32369613647461,36.32623672485352
padm/padm27.wav,402.3352355957031,1373.73974609375,-34.12782669067383,-129.62374877929688,72.16967010498047,17.028100967407227,27.49262809753418,19.71165657043457
padm/padm28.wav,420.572265625,740.7421875,-45.34471130371094,-127.3578109741211,143.36595153808594,7.329105377197266,2.726116418838501,26.472925186157227
padm/padm4.wav,647.2135009765625,1171.619140625,-39.028541564941406,-89.1837158203125,114.0047836303711,-26.123136520385746,24.729042053222656,20.837568283081055
padm/padm5.wav,708.2281494140625,1873.7974853515625,-29.505760192871097,-104.09439086914062,55.92488098144531,-3.932918787002563,24.33747100830078,22.672664642333984
padm/padm6.wav,296.0422058105469,819.5689697265625,-41.68775939941406,-151.28306579589844,95.30176544189452,5.579211235046387,30.683454513549805,35.86251449584961
padm/padm7.wav,1163.311279296875,2025.855224609375,-27.107812881469727,-38.95906066894531,56.02273178100586,2.4406492710113525,40.61626434326172,23.679140090942383
padm/padm8.wav,1782.5836181640625,2482.5224609375,-20.44297981262207,30.769916534423828,57.69258117675781,-18.84280014038086,7.476716041564941,7.729040622711182
perc1/perc1_1.wav,704.8814697265625,1912.9210205078125,-28.619449615478516,-123.2894287109375,73.22223663330078,35.51609420776367,16.159221649169922,8.47542667388916
perc1/perc1_10.wav,797.135498046875,1668.2716064453125,-31.71731185913086,-125.43372344970705,86.8714370727539,29.582611083984375,0.2300093024969101,-8.805049896240234
perc1/perc1_11.wav,699.7733154296875,1408.9739990234375,-32.931671142578125,-118.04065704345705,95.1453628540039,26.158666610717773,2.6567578315734863,-8.578977584838867
perc1/perc1_12.wav,1157.7928466796875,2156.31591796875,-24.747318267822266,-81.86053466796875,79.3711929321289,5.801401615142822,1.7004482746124268,-7.639473915100098
perc1/perc1_13.wav,810.7206420898438,1678.62060546875,-30.983428955078125,-128.9185791015625,82.47871398925781,31.35810661315918,4.658297538757324,-11.213314056396484
perc1/perc1_14.wav,1420.029541015625,2256.944580078125,-23.569637298583984,-60.91472625732422,73.63441467285156,-2.9387331008911133,-0.5015571117401123,-12.925700187683104
perc1/perc1_2.wav,714.5430908203125,1910.4036865234375,-28.82553482055664,-124.1060791015625,72.94684600830078,36.14823913574219,15.925620079040527,8.172026634216309
perc1/perc1_3.wav,809.55029296875,1734.5322265625,-30.578502655029297,-125.26129913330078,82.64645385742188,25.06038475036621,3.775507926940918,-5.449061393737793
perc1/perc1_4.wav,873.7529296875,1810.615478515625,-30.048215866088867,-124.8930206298828,83.4245834350586,31.90392303466797,3.0907180309295654,-11.2205228805542
perc1/perc1_5.wav,1157.11279296875,1881.501953125,-26.14805603027344,-71.6663589477539,84.1536865234375,-4.372045993804932,0.4722705781459808,-11.067191123962402
perc1/perc1_6.wav,827.561279296875,1635.0950927734375,-31.96921157836914,-128.1565399169922,86.01034545898438,33.76215744018555,3.549180030822754,-14.521239280700684
perc1/perc1_7.wav,1475.15673828125,2226.38720703125,-23.57413101196289,-79.18414306640625,69.33960723876953,-10.81058406829834,-0.7458258271217346,-17.58592414855957
perc1/perc1_8.wav,675.57763671875,1755.4810791015625,-31.6816349029541,-143.97357177734375,79.31208038330078,56.10554504394531,17.371938705444336,0.7169160842895508
perc1/perc1_9.wav,674.7396240234375,1734.5029296875,-31.849794387817383,-147.0769500732422,80.45079040527344,54.67814636230469,16.567304611206055,-0.0996589511632919
perc2/perc2_1.wav,1002.9923706054688,2828.8056640625,-24.274066925048828,-134.5109100341797,52.63780212402344,41.40042495727539,24.73157501220703,10.091157913208008
perc2/perc2_10.wav,1366.9571533203125,2651.076171875,-21.278141021728516,-64.34416198730469,56.0585823059082,6.69881010055542,13.222723007202148,-10.170239448547363
perc2/perc2_11.wav,976.852294921875,2479.697998046875,-24.546173095703125,-115.47228240966795,54.1492805480957,33.20163345336914,24.86732482910156,7.532161712646484
perc2/perc2_12.wav,1070.944580078125,2336.138427734375,-24.492835998535156,-75.61476135253906,60.80365753173828,17.374914169311523,10.816896438598633,-10.50037670135498
perc2/perc2_2.wav,1650.2449951171875,3002.283935546875,-18.62455177307129,-65.89146423339844,47.063228607177734,-0.575078547000885,-0.0650604739785194,-13.759307861328123
perc2/perc2_3.wav,1396.0386962890625,2697.967529296875,-21.160903930664062,-70.10225677490234,57.190650939941406,8.448257446289062,8.044970512390137,-11.58398723602295
perc2/perc2_4.wav,999.9320068359376,2601.667724609375,-23.932151794433594,-103.87915802001952,55.49616622924805,31.108863830566406,24.20364570617676,7.703512191772461
perc2/perc2_5.wav,1518.8966064453125,2843.36083984375,-19.995271682739254,-38.82403564453125,51.266475677490234,4.777156829833984,5.397966384887695,-10.605712890625
perc2/perc2_6.wav,1669.9482421875,2662.705810546875,-20.01943016052246,-57.150333404541016,53.105712890625,-13.089073181152344,-9.114996910095217,-20.502485275268555
perc2/perc2_7.wav,1162.04638671875,2420.676025390625,-23.366310119628903,-72.083740234375,58.76446914672851,10.501387596130373,13.389700889587402,-5.841588973999023
perc2/perc2_8.wav,901.6546630859376,2434.345703125,-24.378515243530273,-107.46296691894533,55.41419982910156,30.392133712768555,25.004230499267575,6.829214572906494
perc2/perc2_9.wav,1247.3731689453125,2402.11962890625,-23.35869598388672,-60.6576042175293,61.68556594848633,10.557734489440918,-4.363257884979248,-20.54827117919922
perc3/perc3_1.wav,1645.719482421875,2102.051025390625,-26.775808334350582,-10.588822364807127,74.74615478515625,-25.210506439208984,5.799027442932129,-17.894922256469727
perc3/perc3_2.wav,605.6275634765625,1416.52978515625,-36.275482177734375,-134.01156616210938,89.19135284423828,26.946680068969727,10.878854751586914,-5.061792373657227
perc3/perc3_3.wav,1324.447265625,1697.5257568359375,-30.05792999267578,-7.631617069244385,89.1333236694336,-21.24048614501953,1.2432172298431396,-13.74115753173828
perc3/perc3_4.wav,1558.2982177734375,2002.5072021484375,-27.055618286132812,-12.813822746276855,75.31880950927734,-24.338855743408203,5.674675464630127,-18.477283477783203
perc3/perc3_5.wav,346.60552978515625,1465.46337890625,-38.08369445800781,-213.3239593505859,55.27996063232422,31.373573303222656,25.14266014099121,25.26948928833008
pluck/pluck1.wav,574.5261840820312,1246.2015380859375,-41.33001708984375,-167.20074462890625,121.427978515625,35.561763763427734,-4.38297700881958,3.069317102432251
pluck/pluck2.wav,547.6568603515625,1595.162841796875,-38.91228866577149,-209.0940399169922,73.82582092285156,50.419044494628906,21.949329376220703,18.4397029876709
pluck/pluck3.wav,1381.91015625,3262.11767578125,-19.61542320251465,-75.27371215820312,46.88515853881836,24.05400657653809,9.797310829162598,1.9390136003494265
pluck/pluck4.wav,678.9299926757812,1623.1322021484375,-34.59607696533203,-123.4856185913086,98.15059661865234,34.535400390625,15.846853256225586,3.862708330154419
pluck/pluck5.wav,514.622802734375,1036.1937255859375,-43.21809387207031,-165.21719360351562,127.7243881225586,53.67494201660156,1.8419348001480105,-3.8323659896850586
pluck/pluck6.wav,617.6333618164062,1516.0916748046875,-42.44191360473633,-231.70899963378903,86.92327880859375,77.3370361328125,25.90636444091797,5.874549388885498
pluck/pluck7.wav,608.1099243164062,1524.7454833984375,-40.756500244140625,-218.9084014892578,88.77935028076172,61.52264022827149,19.986406326293945,10.852021217346191
pluck/pluck8.wav,468.74371337890625,1411.60888671875,-40.67428207397461,-248.1439208984375,76.09449005126953,72.7572250366211,25.126224517822266,4.902565002441406
rc808/rc8081.wav,6689.39990234375,4078.929443359375,-7.187221050262451,-2.37431001663208,-83.89314270019531,-63.53084945678711,-10.03030014038086,-10.374938011169434
rc808/rc8082.wav,8491.9814453125,5072.99267578125,-4.178646087646484,10.560455322265623,-95.95893096923828,-47.78485107421875,-11.05428981781006,-4.009748935699463
rc808/rc8083.wav,9261.9072265625,4008.00048828125,-7.928359985351563,-33.04736328125,-143.9158935546875,-56.25944519042969,-13.384806632995604,-19.28734588623047
rc808/rc8084.wav,8453.8515625,3755.571533203125,-8.76453685760498,-10.48361587524414,-123.35514068603516,-47.56386947631836,8.224950790405273,-3.0196948051452637
rc909/rc9091.wav,8316.1552734375,3499.36083984375,-9.471565246582031,-20.751935958862305,-116.04132843017578,-58.45114517211914,-13.766202926635742,-43.564266204833984
rc909/rc9092.wav,8553.6865234375,4256.77734375,-8.702923774719238,37.95975875854492,-70.58738708496094,-18.736438751220703,-3.2707388401031494,-19.727617263793945
rc909/rc9093.wav,8034.359375,5063.65478515625,-4.789944648742676,30.41277313232422,-53.77640151977539,-22.25211524963379,3.1606056690216064,-17.740007400512695
rim/rim1.wav,5088.15576171875,3212.98681640625,-20.298198699951172,-398.44287109375,-48.92141342163086,-91.70388793945312,-14.6273775100708,-10.182832717895508
rim/rim10.wav,1552.266357421875,2576.064453125,-20.71206283569336,-75.5630111694336,53.40829849243164,-2.4234368801116943,-20.751434326171875,-17.57515525817871
rim/rim11.wav,1056.5511474609375,1702.2818603515625,-33.164127349853516,-143.31875610351562,92.06433868408205,3.926942825317383,-8.210284233093262,-13.727294921875
rim/rim12.wav,4115.986328125,3888.44384765625,-12.380861282348633,40.50428771972656,8.940085411071777,-16.941360473632812,14.57350730895996,-3.25622296333313
rim/rim13.wav,3504.2666015625,5461.7275390625,-13.010565757751465,-10.085411071777344,39.5339469909668,-6.546597480773926,-27.786401748657227,7.727473258972168
rim/rim2.wav,3957.793212890625,2687.447998046875,-24.1191349029541,-390.1773986816406,34.32210159301758,-85.26432037353516,-19.0841007232666,-22.024141311645508
rim/rim3.wav,957.7822265625,1511.23974609375,-40.10360336303711,-223.65911865234375,72.20169830322266,62.404754638671875,-0.5232298970222473,-32.9658317565918
rim/rim5.wav,1631.11328125,1770.9429931640625,-35.08627700805664,-188.65695190429688,55.03376007080078,0.8300970792770386,-66.53443145751953,-49.72029876708984
rim/rim6.wav,1418.5882568359375,1779.4183349609375,-32.69649887084961,-85.6614761352539,90.53530883789062,-25.63836097717285,14.394454956054688,9.428751945495604
rim/rim7.wav,1611.1107177734375,2129.79443359375,-30.065488815307617,-95.7065658569336,57.34885787963867,-13.570826530456545,6.8603925704956055,-8.908865928649902
rim/rim8.wav,2216.33154296875,3603.818359375,-18.8477840423584,-176.67550659179688,45.26649856567383,19.53993797302246,-16.09663200378418,-21.08987808227539
rim/rim9.wav,1703.2215576171875,3325.230712890625,-18.038360595703125,-82.05763244628906,43.40570831298828,13.026869773864746,-8.406709671020508,-0.3612323105335235
rim/rssb1.wav,1401.0716552734375,1397.3211669921875,-35.810855865478516,-66.38534545898438,95.15863800048828,-59.02019882202149,-17.52265739440918,-17.328956604003906
rim/rssb2.wav,2010.209716796875,2133.406494140625,-28.89048194885254,-75.7075424194336,57.009090423583984,-51.03524398803711,-14.726253509521484,-42.85441207885742
rim/rssb3.wav,2696.538330078125,2868.90673828125,-21.54454040527344,-33.02006530761719,44.00908279418945,-26.792236328125,4.993411064147949,-22.443803787231445
rim/rssb4.wav,2427.84765625,2136.142822265625,-25.157339096069336,-28.304941177368164,50.01598358154297,-63.75999450683594,-4.70709753036499,-7.516602516174316
rim/rssb5.wav,3572.904052734375,3272.806884765625,-17.23529624938965,38.00796890258789,11.687171936035156,-38.499786376953125,-3.4756524562835693,-22.78338623046875
rim/rssb6.wav,3169.22412109375,2880.98974609375,-20.81228256225586,-8.537456512451172,32.515438079833984,-40.639739990234375,23.938947677612305,-9.632956504821776
rim/rssb8.wav,6303.3828125,5904.03955078125,-10.35903549194336,-46.115875244140625,-48.56475067138672,-22.883472442626953,-56.42170715332031,-34.07219314575195
rim/rssb9.wav,4056.039306640625,5304.8310546875,-14.076456069946287,-88.95833587646484,5.591411590576172,12.015926361083984,-8.043913841247559,-8.785322189331055
sd/sdu1.wav,6135.5849609375,5806.0322265625,-7.2330641746521,50.566890716552734,-15.727670669555664,11.205162048339844,9.345545768737791,11.588894844055176
sd/sdu10.wav,2530.96875,3059.553955078125,-19.692209243774418,57.27851867675781,38.75267028808594,-18.780601501464844,23.229970932006836,-3.2273387908935547
sd/sdu11.wav,3109.239501953125,3555.250732421875,-15.0553617477417,46.42634201049805,18.377241134643555,-17.98495101928711,15.722848892211914,-9.770153045654297
sd/sdu12.wav,3415.28857421875,3722.595947265625,-13.7622709274292,43.44038772583008,12.125539779663086,-18.96104431152344,23.063682556152344,10.811291694641112
sd/sdu13.wav,4390.66748046875,4294.716796875,-8.398455619812012,83.28671264648438,-0.150235429406166,-26.997201919555664,-5.210100173950195,-15.457942962646484
sd/sdu14.wav,7256.4619140625,4647.94970703125,-6.826936721801758,79.37396240234375,-48.01140213012695,-20.10289192199707,8.747124671936035,-0.1713191121816635
sd/sdu15.wav,7302.42919921875,5065.26416015625,-4.0973029136657715,93.1210479736328,-42.121307373046875,-16.709569931030273,10.226556777954102,1.6799381971359253
sd/sdu16.wav,8513.5888671875,5916.515625,-5.357216835021973,73.46878051757812,-34.43342971801758,7.183164119720459,-5.758264541625977,-7.559183120727539
sd/sdu17.wav,5491.1416015625,4560.7255859375,-9.0029296875,66.49456024169922,-19.94022560119629,-22.961050033569336,-2.9480526447296143,-13.49758529663086
sd/sdu18.wav,9808.677734375,5343.53515625,-2.7006351947784424,79.94793701171875,-61.2725944519043,-6.196019172668457,-6.654950141906738,-8.995423316955566
sd/sdu2.wav,6559.88671875,5124.8583984375,-7.314582347869873,86.81884765625,-21.689741134643555,-5.215435981750488,-4.197580337524414,-9.92758560180664
sd/sdu3.wav,3746.301513671875,3963.16357421875,-13.710113525390623,51.15119934082031,2.843691349029541,-15.774994850158691,17.41005516052246,-1.835408091545105
sd/sdu4.wav,3347.796875,4091.907470703125,-13.177295684814451,40.265586853027344,9.264687538146973,-2.340949535369873,12.869157791137695,0.9414404630661012
sd/sdu5.wav,3795.559326171875,4300.92919921875,-11.788894653320312,80.94479370117188,14.192947387695312,-2.646604061126709,9.080076217651367,-3.695793628692627
sd/sdu6.wav,3896.7509765625,3794.885009765625,-12.21189022064209,67.3156509399414,8.024785995483398,-27.26242446899414,-7.525007247924805,-14.75280475616455
sd/sdu7.wav,3449.031005859375,2992.74267578125,-16.687543869018555,62.762786865234375,15.278542518615724,-46.84020233154297,8.434918403625488,-12.929142951965332
sd/sdu8.wav,5297.9365234375,4342.62939453125,-9.499485969543455,122.22025299072266,-21.653879165649418,-29.904258728027344,-6.084436893463135,-9.99639129638672
sd/sdu9.wav,3607.65771484375,3493.638916015625,-14.349505424499512,76.81375885009766,12.719622611999512,-31.31230926513672,-2.1785855293273926,-26.461273193359375
sd313/sd3131.wav,3624.542724609375,3790.699951171875,-11.853946685791016,50.65330505371094,13.835844993591309,-13.835782051086426,17.155683517456055,-6.263655662536621
sd313/sd31310.wav,2066.64599609375,2775.1689453125,-18.257108688354492,25.17788314819336,49.291133880615234,-10.162907600402832,11.956522941589355,-9.360337257385254
sd313/sd31311.wav,2481.54345703125,3193.044189453125,-16.13092613220215,35.189353942871094,38.01106262207031,-10.934871673583984,16.84832000732422,-1.803860425949097
sd313/sd31312.wav,2316.84326171875,2962.36962890625,-17.37583351135254,32.81476593017578,43.84537887573242,-12.730957984924316,10.46843433380127,-10.220251083374023
sd313/sd31313.wav,1828.062744140625,1611.394775390625,-31.109052658081055,-64.1006851196289,45.503196716308594,-18.513206481933594,7.097064018249512,-6.7464799880981445
sd313/sd31314.wav,3491.270263671875,3395.907958984375,-13.13376522064209,84.9944076538086,20.42646026611328,-24.27526092529297,11.95464324951172,-9.176506042480469
sd313/sd31315.wav,3971.24658203125,3435.04541015625,-12.584099769592283,74.98699188232422,6.6461405754089355,-35.1517219543457,4.377181053161621,-13.044828414916992
sd313/sd31316.wav,2902.8876953125,2839.20263671875,-16.90340805053711,74.4600601196289,33.24528503417969,-33.38656234741211,4.8801589012146,-5.593782424926758
sd313/sd31317.wav,2739.305419921875,3132.013427734375,-15.771714210510254,59.88777923583984,37.73650741577149,-21.202457427978516,12.048224449157717,-10.393543243408203
sd313/sd31318.wav,3098.326171875,3334.50830078125,-14.252641677856444,55.565460205078125,26.22650146484375,-20.99303436279297,9.04366397857666,-17.904422760009766
sd313/sd31319.wav,2276.22021484375,2930.88232421875,-17.036460876464844,46.27983093261719,44.095062255859375,-12.155238151550291,11.135385513305664,-11.087979316711426
sd313/sd3132.wav,3612.683349609375,3654.552978515625,-13.204806327819824,43.863014221191406,12.686176300048828,-15.536086082458496,20.225126266479492,-4.957295894622803
sd313/sd31320.wav,2891.112548828125,3543.9619140625,-14.29141902923584,30.1354923248291,29.640949249267575,-9.803794860839844,17.642906188964844,-0.7556542158126831
sd313/sd31321.wav,2496.359619140625,3102.1044921875,-16.097803115844727,44.28792190551758,39.334503173828125,-14.22238063812256,10.06218433380127,-11.254036903381348
sd313/sd3133.wav,3123.37060546875,3557.957763671875,-14.60540008544922,16.0406494140625,16.18433380126953,-9.270711898803713,25.331703186035156,3.6876416206359863
sd313/sd3134.wav,4251.81689453125,3572.423828125,-11.1996431350708,76.4515609741211,2.5287728309631348,-32.830379486083984,6.304416179656982,-7.384328365325928
sd313/sd3135.wav,3420.91162109375,3368.608642578125,-13.34011173248291,58.96256256103515,20.87709617614746,-24.73624038696289,10.566174507141112,-10.826790809631348
sd313/sd3136.wav,5081.5302734375,4288.689453125,-8.382696151733398,90.41100311279295,-12.305883407592772,-31.00347137451172,-3.908627986907959,-9.990031242370604
sd313/sd3137.wav,3310.091552734375,3617.97265625,-12.632869720458984,60.589141845703125,20.464834213256836,-16.749666213989258,6.208405494689941,-17.09121322631836
sd313/sd3138.wav,2575.60986328125,2978.546630859375,-16.785104751586914,37.186241149902344,41.854862213134766,-19.776817321777344,12.235807418823242,-11.96586799621582
sd313/sd3139.wav,3102.522705078125,3334.86376953125,-14.291778564453123,58.020164489746094,26.14348030090332,-21.064790725708008,8.932456970214844,-18.073163986206055
sd808/sd8081.wav,5144.8037109375,4592.048828125,-7.515000820159912,30.045467376708984,-32.10279083251953,-23.69411849975586,24.407808303833008,19.241344451904297
tom808/tom8081.wav,623.0700073242188,1449.50048828125,-40.094703674316406,-187.2912445068359,79.33556365966797,66.81803894042969,23.72556495666504,13.29328155517578
tom808/tom8082.wav,260.2946472167969,1078.23876953125,-43.4925537109375,-218.9159393310547,68.71400451660156,65.68272399902344,29.842693328857425,21.218236923217773
tom808/tom8083.wav,397.0423278808594,1145.5006103515625,-43.13030624389648,-197.33187866210935,87.86986541748047,68.77469635009766,21.96710777282715,15.581064224243164
tom909/tom9091.wav,378.96490478515625,1293.5494384765625,-37.03877639770508,-163.0147247314453,87.01775360107422,57.1986198425293,22.379283905029297,11.187647819519045
tom909/tom9092.wav,352.9147033691406,1332.4144287109375,-36.97725296020508,-172.26605224609375,79.52777099609375,59.37306213378906,24.95420265197754,13.56284236907959
tom909/tom9093.wav,531.750732421875,2114.343017578125,-31.12409782409668,-159.55055236816406,52.167842864990234,64.96810913085938,30.004711151123047,19.17478370666504
uh/uh1.wav,9236.3359375,5563.52392578125,-2.95454740524292,-70.41389465332031,-56.79659652709961,-5.403412342071533,2.3765201568603516,2.066362142562866
uh/uh2.wav,8767.751953125,4510.798828125,-4.521139621734619,-48.1561164855957,-84.87445068359375,-20.301082611083984,8.551137924194336,-12.211149215698242
uh/uh3.wav,8629.9501953125,5067.94873046875,-3.983732700347901,-84.41168975830078,-65.23571014404297,-16.9437255859375,6.00879430770874,-1.3732421398162842
uh/uh4.wav,8404.0166015625,4608.8134765625,-5.013824939727783,4.871744632720947,-54.32727813720703,-2.4979233741760254,10.72375202178955,-15.540637969970703
uh/uh5.wav,9240.0439453125,4922.81201171875,-3.42488956451416,-22.020660400390625,-74.94527435302734,-16.748600006103516,-0.2078585624694824,-7.608014106750488
uh/uh6.wav,9700.40234375,5770.369140625,-2.762420177459717,-82.93087768554688,-74.27213287353516,-20.75356674194336,-14.693973541259766,-1.2844252586364746
uh/uh7.wav,8986.49609375,4440.9130859375,-4.492711067199707,-7.633017539978027,-68.57404327392578,-10.769197463989258,4.625604629516602,-20.477832794189453
uh/uh8.wav,10209.203125,5113.31689453125,-3.2007381916046143,-88.83881378173828,-81.96104431152344,0.2012290954589843,8.660184860229492,-10.043785095214844
vocal/vocal1.wav,2627.2177734375,2670.957275390625,-17.626066207885742,45.170536041259766,39.52793884277344,-35.25730895996094,0.98515522480011,-7.819240570068359
vocal/vocal2.wav,2383.106689453125,2468.6748046875,-19.986671447753903,8.779566764831543,47.162784576416016,-35.925167083740234,2.10186767578125,-1.7110198736190796
vocal/vocal3.wav,2709.0869140625,2763.618896484375,-20.715362548828125,3.450373888015747,36.02587890625,-41.166465759277344,12.77375316619873,-27.19760513305664
vocal/vocal4.wav,2088.265869140625,2920.234375,-18.027359008789062,7.739869594573975,44.30006408691406,-11.239269256591797,-15.464316368103027,-16.55809211730957
vocal/vocal5.wav,3386.688232421875,2740.844970703125,-18.5625,31.694581985473633,17.482196807861328,-59.90547561645508,4.836245059967041,-15.78845500946045
vocal/vocal6.wav,4549.095703125,3632.678955078125,-14.231359481811523,35.372222900390625,-14.165940284729004,-43.41893768310547,-0.1692879348993301,-11.6461820602417
vocal/vocal7.wav,5087.17138671875,3702.55126953125,-12.949687957763672,34.70808410644531,-20.144054412841797,-38.714874267578125,9.165094375610352,-7.460665702819824
vocal/vocal8.wav,2779.8330078125,2584.853271484375,-20.587129592895508,0.3301651179790497,36.45151138305664,-47.65367126464844,10.173247337341309,-11.274325370788574
vocal/vocal9.wav,2068.614013671875,1967.040771484375,-26.2364501953125,-41.08102798461914,55.20668411254883,-39.107933044433594,8.813973426818848,-20.818201065063477
wood/wood1.wav,4114.439453125,4533.1962890625,-11.028363227844238,23.987377166748047,10.436758995056152,-21.724794387817383,-6.689479351043701,-1.109870433807373
wood/wood2.wav,3565.87646484375,4235.56005859375,-13.032334327697754,8.493162155151367,12.533767700195312,-14.310405731201172,-17.846866607666016,-20.25312232971191
wood/wood3.wav,3844.986328125,4098.1845703125,-12.491470336914062,-7.632848262786865,11.20865535736084,-18.92341423034668,-5.658163547515869,-22.727800369262695
wood/wood4.wav,3873.555908203125,2518.456787109375,-21.376567840576172,-33.6003303527832,-18.31990623474121,-82.43367767333984,-5.950325965881348,-6.952642917633057
wood/wood5.wav,1600.797119140625,2475.68603515625,-23.163087844848633,-48.84957504272461,58.520694732666016,-4.123666286468506,-1.419979214668274,-10.999152183532717
wood/wood6.wav,2339.707763671875,1978.46630859375,-26.864412307739254,-52.521114349365234,66.40202331542969,-64.90149688720703,-13.310151100158691,4.844162464141846
